{
  "products": [
    {
      "id": 1,
      "name": "LG",
      "rating": 4.5,
      "isBlocked": false
    },
    {
      "id": 2,
      "name": "Samsung",
      "rating": 4.5,
      "isBlocked": false
    },
    {
      "id": 3,
      "name": "LG",
      "rating": 4.5,
      "isBlocked": false
    },
    {
      "id": 4,
      "name": "Samsung",
      "rating": 4.5,
      "isBlocked": false
    },
    {
      "id": 5,
      "name": "LG",
      "rating": 4.5,
      "isBlocked": false
    },
    {
      "id": 6,
      "name": "Samsung",
      "rating": 4.5,
      "isBlocked": false
    },
    {
      "id": 7,
      "name": "LG",
      "rating": 4.5,
      "isBlocked": false
    },
    {
      "id": 8,
      "name": "Samsung",
      "rating": 4.5,
      "isBlocked": false
    },
    {
      "id": 9,
      "name": "LG",
      "rating": 4.5,
      "isBlocked": false
    },
    {
      "id": 10,
      "name": "Samsung",
      "rating": 4.5,
      "isBlocked": false
    },
    {
      "id": 11,
      "name": "LG",
      "rating": 4.5,
      "isBlocked": false
    },
    {
      "id": 12,
      "name": "Samsung",
      "rating": 4.5,
      "isBlocked": false
    }
  ]
}